id,name,email,gender
1,Carmine,coakden0@sina.com.cn,Female
2,Ricca,rhatry1@moonfruit.com,Female
3,Jacques,jleftly2@guardian.co.uk,Male
4,Torrey,tleap3@phpbb.com,Agender
5,Peterus,pbader4@google.com,Male
6,Pam,pheindrich5@nyu.edu,Female
7,Kate,kborlease6@forbes.com,Female
8,Madonna,mhedlestone7@reference.com,Female
9,Archer,abirkhead8@latimes.com,Male
10,Arturo,aswaton9@instagram.com,Male
11,Kerwin,kshitliffea@squidoo.com,Male
12,Cosimo,cclemptonb@cbslocal.com,Male
13,Tiler,tattenbrowc@hud.gov,Male
14,Frederico,fjoyntd@1und1.de,Agender
15,Kaile,kaspeye@fotki.com,Female
16,Iggy,imcluckief@tiny.cc,Male
17,Candide,cpehrssong@devhub.com,Female
18,Bobby,bbagehoth@furl.net,Bigender
19,Carlene,cconachyi@cloudflare.com,Female
20,Berkeley,bshilvockj@naver.com,Male
21,Rickert,rocurrank@sciencedirect.com,Male
22,Sol,sbycraftl@stanford.edu,Male
23,Scott,socassidym@google.cn,Male
24,Edgard,eandren@umn.edu,Male
25,Katherine,kpolloko@blogger.com,Polygender
26,Missy,moldmeadowp@spotify.com,Female
27,Loutitia,lbrigginshawq@army.mil,Female
28,Jasmina,jdorneyr@github.io,Female
29,Edd,ewaymonts@shutterfly.com,Male
30,Zola,zcheatert@devhub.com,Female
31,Clyve,chupkau@theguardian.com,Bigender
32,Vilhelmina,vshovlinv@skype.com,Female
33,Gardner,groggersw@nature.com,Male
34,Rip,rmcgormanx@mashable.com,Male
35,Joane,jtrembley@prlog.org,Female
36,Webster,wmccolleyz@marketwatch.com,Male
37,Justine,jcollingwood10@smh.com.au,Agender
38,Rachele,rrobberecht11@typepad.com,Female
39,Frankie,fheys12@bing.com,Polygender
40,Julia,jvanstone13@technorati.com,Female
41,Kip,kmelarkey14@nationalgeographic.com,Female
42,Philomena,psimmens15@timesonline.co.uk,Female
43,Bartolemo,bgregh16@so-net.ne.jp,Male
44,Shepperd,shelm17@liveinternet.ru,Male
45,Cris,cmcgifford18@desdev.cn,Female
46,Hillard,htelega19@yellowpages.com,Agender
47,Inglis,istopford1a@privacy.gov.au,Male
48,Ebeneser,elabroue1b@cnet.com,Male
49,Abraham,aespie1c@ustream.tv,Male
50,Haven,hdyson1d@devhub.com,Male


